,Availability,Price,Title
0,In stock,Â£51.77,A Light in the Attic
1,In stock,Â£53.74,Tipping the Velvet
2,In stock,Â£50.10,Soumission
3,In stock,Â£47.82,Sharp Objects
4,In stock,Â£54.23,Sapiens: A Brief History of Humankind
5,In stock,Â£22.65,The Requiem Red
6,In stock,Â£33.34,The Dirty Little Secrets of Getting Your Dream Job
7,In stock,Â£17.93,"The Coming Woman: A Novel Based on the Life of the Infamous Feminist, Victoria Woodhull"
8,In stock,Â£22.60,The Boys in the Boat: Nine Americans and Their Epic Quest for Gold at the 1936 Berlin Olympics
9,In stock,Â£52.15,The Black Maria
10,In stock,Â£13.99,"Starving Hearts (Triangular Trade Trilogy, #1)"
11,In stock,Â£20.66,Shakespeare's Sonnets
12,In stock,Â£17.46,Set Me Free
13,In stock,Â£52.29,Scott Pilgrim's Precious Little Life (Scott Pilgrim #1)
14,In stock,Â£35.02,Rip it Up and Start Again
15,In stock,Â£57.25,"Our Band Could Be Your Life: Scenes from the American Indie Underground, 1981-1991"
16,In stock,Â£23.88,Olio
17,In stock,Â£37.59,Mesaerion: The Best Science Fiction Stories 1800-1849
18,In stock,Â£51.33,Libertarianism for Beginners
19,In stock,Â£45.17,It's Only the Himalayas
20,In stock,Â£12.84,In Her Wake
21,In stock,Â£37.32,How Music Works
22,In stock,Â£30.52,"Foolproof Preserving: A Guide to Small Batch Jams, Jellies, Pickles, Condiments, and More: A Foolproof Guide to Making Small Batch Jams, Jellies, Pickles, Condiments, and More"
23,In stock,Â£25.27,Chase Me (Paris Nights #2)
24,In stock,Â£34.53,Black Dust
25,In stock,Â£54.64,Birdsong: A Story in Pictures
26,In stock,Â£22.50,America's Cradle of Quarterbacks: Western Pennsylvania's Football Factory from Johnny Unitas to Joe Montana
27,In stock,Â£53.13,Aladdin and His Wonderful Lamp
28,In stock,Â£40.30,Worlds Elsewhere: Journeys Around Shakespeareâs Globe
29,In stock,Â£44.18,Wall and Piece
30,In stock,Â£17.66,The Four Agreements: A Practical Guide to Personal Freedom
31,In stock,Â£31.05,The Five Love Languages: How to Express Heartfelt Commitment to Your Mate
32,In stock,Â£23.82,The Elephant Tree
33,In stock,Â£36.89,The Bear and the Piano
34,In stock,Â£15.94,Sophie's World
35,In stock,Â£33.29,Penny Maybe
36,In stock,Â£18.02,Maude (1883-1993):She Grew Up with the country
37,In stock,Â£19.63,"In a Dark, Dark Wood"
38,In stock,Â£52.22,Behind Closed Doors
39,In stock,Â£33.63,You can't bury them all: Poems
40,In stock,Â£57.31,Slow States of Collapse: Poems
41,In stock,Â£26.41,Reasons to Stay Alive
42,In stock,Â£47.61,Private Paris (Private #10)
43,In stock,Â£23.11,#HigherSelfie: Wake Up Your Life. Free Your Soul. Find Your Tribe.
44,In stock,Â£45.07,Without Borders (Wanderlove #1)
45,In stock,Â£31.77,When We Collided
46,In stock,Â£50.27,"We Love You, Charlie Freeman"
47,In stock,Â£14.27,Untitled Collection: Sabbath Poems 2014
48,In stock,Â£44.18,"Unseen City: The Majesty of Pigeons, the Discreet Charm of Snails & Other Wonders of the Urban Wilderness"
49,In stock,Â£18.78,Unicorn Tracks
50,In stock,Â£25.52,"Unbound: How Eight Technologies Made Us Human, Transformed Society, and Brought Our World to the Brink"
51,In stock,Â£16.28,Tsubasa: WoRLD CHRoNiCLE 2 (Tsubasa WoRLD CHRoNiCLE #2)
52,In stock,Â£31.12,Throwing Rocks at the Google Bus: How Growth Became the Enemy of Prosperity
53,In stock,Â£19.49,This One Summer
54,In stock,Â£17.27,Thirst
55,In stock,Â£19.09,The Torch Is Passed: A Harding Family Story
56,In stock,Â£56.13,The Secret of Dreadwillow Carse
57,In stock,Â£56.41,"The Pioneer Woman Cooks: Dinnertime: Comfort Classics, Freezer Food, 16-Minute Meals, and Other Delicious Ways to Solve Supper!"
58,In stock,Â£56.50,The Past Never Ends
59,In stock,Â£45.22,The Natural History of Us (The Fine Art of Pretending #2)
60,In stock,Â£38.16,The Nameless City (The Nameless City #1)
61,In stock,Â£54.11,The Murder That Never Was (Forensic Instincts #5)
62,In stock,Â£42.96,The Most Perfect Thing: Inside (and Outside) a Bird's Egg
63,In stock,Â£23.89,"The Mindfulness and Acceptance Workbook for Anxiety: A Guide to Breaking Free from Anxiety, Phobias, and Worry Using Acceptance and Commitment Therapy"
64,In stock,Â£16.77,The Life-Changing Magic of Tidying Up: The Japanese Art of Decluttering and Organizing
65,In stock,Â£20.59,"The Inefficiency Assassin: Time Management Tactics for Working Smarter, Not Longer"
66,In stock,Â£37.13,The Gutsy Girl: Escapades for Your Life of Epic Adventure
67,In stock,Â£56.06,The Electric Pencil: Drawings from Inside State Hospital No. 3
68,In stock,Â£58.11,The Death of Humanity: and the Case for Life
69,In stock,Â£49.05,"The Bulletproof Diet: Lose up to a Pound a Day, Reclaim Energy and Focus, Upgrade Your Life"
70,In stock,Â£40.76,The Art Forger
71,In stock,Â£19.73,The Age of Genius: The Seventeenth Century and the Birth of the Modern Mind
72,In stock,Â£32.24,The Activist's Tao Te Ching: Ancient Advice for a Modern Revolution
73,In stock,Â£41.83,Spark Joy: An Illustrated Master Class on the Art of Organizing and Tidying Up
74,In stock,Â£39.58,Soul Reader
75,In stock,Â£39.25,Security
76,In stock,Â£25.02,"Saga, Volume 6 (Saga (Collected Editions) #6)"
77,In stock,Â£51.04,"Saga, Volume 5 (Saga (Collected Editions) #5)"
78,In stock,Â£19.83,Reskilling America: Learning to Labor in the Twenty-First Century
79,In stock,Â£50.40,"Rat Queens, Vol. 3: Demons (Rat Queens (Collected Editions) #11-15)"
80,In stock,Â£13.61,"Princess Jellyfish 2-in-1 Omnibus, Vol. 01 (Princess Jellyfish 2-in-1 Omnibus #1)"
81,In stock,Â£13.34,Princess Between Worlds (Wide-Awake Princess #5)
82,In stock,Â£18.97,"Pop Gun War, Volume 1: Gift"
83,In stock,Â£36.28,"Political Suicide: Missteps, Peccadilloes, Bad Calls, Backroom Hijinx, Sordid Pasts, Rotten Breaks, and Just Plain Dumb Mistakes in the Annals of American Politics"
84,In stock,Â£10.16,Patience
85,In stock,Â£15.44,"Outcast, Vol. 1: A Darkness Surrounds Him (Outcast #1)"
86,In stock,Â£48.41,orange: The Complete Collection 1 (orange: The Complete Collection #1)
87,In stock,Â£46.35,Online Marketing for Busy Authors: A Step-By-Step Guide
88,In stock,Â£14.07,On a Midnight Clear
89,In stock,Â£14.86,Obsidian (Lux #1)
90,In stock,Â£33.37,My Paris Kitchen: Recipes and Stories
91,In stock,Â£56.40,Masks and Shadows
92,In stock,Â£14.02,"Mama Tried: Traditional Italian Cooking for the Screwed, Crude, Vegan, and Tattooed"
93,In stock,Â£46.91,"Lumberjanes, Vol. 2: Friendship to the Max (Lumberjanes #5-8)"
94,In stock,Â£45.61,"Lumberjanes, Vol. 1: Beware the Kitten Holy (Lumberjanes #1-4)"
95,In stock,Â£19.92,Lumberjanes Vol. 3: A Terrible Plan (Lumberjanes #9-12)
96,In stock,Â£40.11,"Layered: Baking, Building, and Styling Spectacular Cakes"
97,In stock,Â£53.90,Judo: Seven Steps to Black Belt (an Introductory Guide for Beginners)
98,In stock,Â£35.67,Join
99,In stock,Â£22.00,In the Country We Love: My Family Divided
100,In stock,Â£57.36,Immunity: How Elie Metchnikoff Changed the Course of Modern Medicine
101,In stock,Â£29.17,"I Hate Fairyland, Vol. 1: Madly Ever After (I Hate Fairyland (Compilations) #1-5)"
102,In stock,Â£54.63,I am a Hero Omnibus Volume 1
103,In stock,Â£46.03,How to Be Miserable: 40 Strategies You Already Use
104,In stock,Â£33.97,Her Backup Boyfriend (The Sorensen Family #1)
105,In stock,Â£22.11,"Giant Days, Vol. 2 (Giant Days #5-8)"
106,In stock,Â£29.69,Forever and Forever: The Courtship of Henry Longfellow and Fanny Appleton
107,In stock,Â£15.97,First and First (Five Boroughs #3)
108,In stock,Â£21.96,Fifty Shades Darker (Fifty Shades #2)
109,In stock,Â£54.35,Everydata: The Misinformation Hidden in the Little Data You Consume Every Day
110,In stock,Â£37.97,"Don't Be a Jerk: And Other Practical Advice from Dogen, Japan's Greatest Zen Master"
111,In stock,Â£51.99,Danganronpa Volume 1
112,In stock,Â£43.29,Crown of Midnight (Throne of Glass #2)
113,In stock,Â£36.72,"Codename Baboushka, Volume 1: The Conclave of Death"
114,In stock,Â£17.08,Camp Midnight
115,In stock,Â£29.14,Call the Nurse: True Stories of a Country Nurse on a Scottish Isle
116,In stock,Â£28.81,Burning
117,In stock,Â£49.46,Bossypants
118,In stock,Â£37.92,"Bitch Planet, Vol. 1: Extraordinary Machine (Bitch Planet (Collected Editions))"
119,In stock,Â£28.09,"Avatar: The Last Airbender: Smoke and Shadow, Part 3 (Smoke and Shadow #3)"
120,In stock,Â£30.81,Algorithms to Live By: The Computer Science of Human Decisions
121,In stock,Â£42.95,A World of Flavor: Your Gluten Free Passport
122,In stock,Â£56.76,"A Piece of Sky, a Grain of Rice: A Memoir in Four Meditations"
123,In stock,Â£16.64,A Murder in Time
124,In stock,Â£55.53,A Flight of Arrows (The Pathfinders #2)
125,In stock,Â£28.13,A Fierce and Subtle Poison
126,In stock,Â£52.37,A Court of Thorns and Roses (A Court of Thorns and Roses #1)
127,In stock,Â£54.00,(Un)Qualified: How God Uses Broken People to Do Big Things
128,In stock,Â£21.87,You Are What You Love: The Spiritual Power of Habit
129,In stock,Â£43.30,"William Shakespeare's Star Wars: Verily, A New Hope (William Shakespeare's Star Wars #4)"
130,In stock,Â£21.04,Tuesday Nights in 1980
131,In stock,Â£41.60,Tracing Numbers on a Train
132,In stock,Â£35.07,Throne of Glass (Throne of Glass #1)
133,In stock,Â£59.64,Thomas Jefferson and the Tripoli Pirates: The Forgotten War That Changed American History
134,In stock,Â£52.72,Thirteen Reasons Why
135,In stock,Â£58.08,The White Cat and the Monk: A Retelling of the Poem âPangur BÃ¡nâ
136,In stock,Â£24.12,The Wedding Dress
137,In stock,Â£42.15,The Vacationers
138,In stock,Â£12.61,The Third Wave: An Entrepreneurâs Vision of the Future
139,In stock,Â£17.44,The Stranger
140,In stock,Â£33.14,The Shadow Hero (The Shadow Hero)
141,In stock,Â£27.37,The Secret (The Secret #1)
142,In stock,Â£51.36,The Regional Office Is Under Attack!
143,In stock,Â£36.00,The Psychopath Test: A Journey Through the Madness Industry
144,In stock,Â£10.65,The Project
145,In stock,Â£43.54,The Power of Now: A Guide to Spiritual Enlightenment
146,In stock,Â£38.21,The Omnivore's Dilemma: A Natural History of Four Meals
147,In stock,Â£37.34,The Nerdy Nummies Cookbook: Sweet Treats for the Geek in All of Us
148,In stock,Â£44.10,The Murder of Roger Ackroyd (Hercule Poirot #4)
149,In stock,Â£43.29,The Mistake (Off-Campus #2)
150,In stock,Â£55.85,The Matchmaker's Playbook (Wingmen Inc. #1)
151,In stock,Â£37.60,The Love and Lemons Cookbook: An Apple-to-Zucchini Celebration of Impromptu Cooking
152,In stock,Â£10.97,The Long Shadow of Small Ghosts: Murder and Memory in an American City
153,In stock,Â£41.82,The Kite Runner
154,In stock,Â£36.95,The House by the Lake
155,In stock,Â£44.28,The Glittering Court (The Glittering Court #1)
156,In stock,Â£55.02,The Girl on the Train
157,In stock,Â£17.24,The Genius of Birds
158,In stock,Â£23.15,The Emerald Mystery
159,In stock,Â£41.25,The Cookies & Cups Cookbook: 125+ sweet & savory recipes reminding you to Always Eat Dessert First
160,In stock,Â£32.00,The Bridge to Consciousness: I'm Writing the Bridge Between Science and Our Old and New Beliefs.
161,In stock,Â£38.49,The Artist's Way: A Spiritual Path to Higher Creativity
162,In stock,Â£33.34,The Art of War
163,In stock,Â£10.93,The Argonauts
164,In stock,Â£27.55,The 10% Entrepreneur: Live Your Startup Dream Without Quitting Your Day Job
165,In stock,Â£55.99,Suddenly in Love (Lake Haven #1)
166,In stock,Â£16.24,Something More Than This
167,In stock,Â£26.12,Soft Apocalypse
168,In stock,Â£12.23,So You've Been Publicly Shamed
169,In stock,Â£23.99,Shoe Dog: A Memoir by the Creator of NIKE
170,In stock,Â£29.06,"Shobu Samurai, Project Aryoku (#3)"
171,In stock,Â£20.27,Secrets and Lace (Fatal Hearts #1)
172,In stock,Â£43.55,Scarlett Epstein Hates It Here
173,In stock,Â£36.94,Romero and Juliet: A Tragic Tale of Love and Zombies
174,In stock,Â£20.47,Redeeming Love
175,In stock,Â£41.06,Poses for Artists Volume 1 - Dynamic and Sitting Poses: An Essential Reference for Figure Drawing and the Human Form
176,In stock,Â£14.19,Poems That Make Grown Women Cry
177,In stock,Â£38.28,"Nightingale, Sing"
178,In stock,Â£41.05,Night Sky with Exit Wounds
179,In stock,Â£30.25,Mrs. Houdini
180,In stock,Â£28.26,Modern Romance
181,In stock,Â£10.76,Miss Peregrineâs Home for Peculiar Children (Miss Peregrineâs Peculiar Children #1)
182,In stock,Â£16.85,Louisa: The Extraordinary Life of Mrs. Adams
183,In stock,Â£13.47,Little Red
184,In stock,Â£48.56,Library of Souls (Miss Peregrineâs Peculiar Children #3)
185,In stock,Â£19.15,Large Print Heart of the Pride
186,In stock,Â£57.36,I Had a Nice Time And Other Lies...: How to find love & sh*t like that
187,In stock,Â£42.98,Hollow City (Miss Peregrineâs Peculiar Children #2)
188,In stock,Â£22.16,Grumbles
189,In stock,Â£49.43,Full Moon over Noahâs Ark: An Odyssey to Mount Ararat and Beyond
190,In stock,Â£29.99,Frostbite (Vampire Academy #2)
191,In stock,Â£21.36,Follow You Home
192,In stock,Â£29.00,First Steps for New Christians (Print Edition)
193,In stock,Â£53.53,Finders Keepers (Bill Hodges Trilogy #2)
194,In stock,Â£41.62,"Fables, Vol. 1: Legends in Exile (Fables #1)"
195,In stock,Â£54.59,Eureka Trivia 6.0
196,In stock,Â£34.95,Drive: The Surprising Truth About What Motivates Us
197,In stock,Â£37.72,Done Rubbed Out (Reightman & Bailey #1)
198,In stock,Â£35.61,Doing It Over (Most Likely To #1)
199,In stock,Â£42.16,"Deliciously Ella Every Day: Quick and Easy Recipes for Gluten-Free Snacks, Packed Lunches, and Simple Meals"
200,In stock,Â£19.19,Dark Notes
201,In stock,Â£19.43,"Daring Greatly: How the Courage to Be Vulnerable Transforms the Way We Live, Love, Parent, and Lead"
202,In stock,Â£49.46,Close to You
203,In stock,Â£37.80,Chasing Heaven: What Dying Taught Me About Living
204,In stock,Â£30.80,Big Magic: Creative Living Beyond Fear
205,In stock,Â£27.43,Becoming Wise: An Inquiry into the Mystery and Art of Living
206,In stock,Â£11.11,Beauty Restored (Riley Family Legacy Novellas #3)
207,In stock,Â£36.50,Batman: The Long Halloween (Batman)
208,In stock,Â£15.38,Batman: The Dark Knight Returns (Batman)
209,In stock,Â£15.48,Ayumi's Violin
210,In stock,Â£46.82,Anonymous
211,In stock,Â£18.46,Amy Meets the Saints and Sages
212,In stock,Â£36.58,Amid the Chaos
213,In stock,Â£50.54,Amatus
214,In stock,Â£12.51,Agnostic: A Spirited Manifesto
215,In stock,Â£24.70,Zealot: The Life and Times of Jesus of Nazareth
216,In stock,Â£43.61,You (You #1)
217,In stock,Â£37.34,"Wonder Woman: Earth One, Volume One (Wonder Woman: Earth One #1)"
218,In stock,Â£14.36,Wild Swans
219,In stock,Â£52.65,Why the Right Went Wrong: Conservatism--From Goldwater to the Tea Party and Beyond
220,In stock,Â£38.20,Whole Lotta Creativity Going On: 60 Fun and Unusual Exercises to Awaken and Strengthen Your Creativity
221,In stock,Â£19.60,What's It Like in Space?: Stories from Astronauts Who've Been There
222,In stock,Â£53.90,"We Are Robin, Vol. 1: The Vigilante Business (We Are Robin #1)"
223,In stock,Â£12.96,Walt Disney's Alice in Wonderland
224,In stock,Â£37.10,V for Vendetta (V for Vendetta Complete)
225,In stock,Â£46.31,Until Friday Night (The Field Party #1)
226,In stock,Â£45.95,"Unbroken: A World War II Story of Survival, Resilience, and Redemption"
227,In stock,Â£22.08,Twenty Yawns
228,In stock,Â£25.38,Through the Woods
229,In stock,Â£27.12,This Is Where It Ends
230,In stock,Â£43.04,The Year of Magical Thinking
231,In stock,Â£56.80,The Wright Brothers
232,In stock,Â£25.91,The White Queen (The Cousins' War #1)
233,In stock,Â£32.61,The Wedding Pact (The O'Malleys #2)
234,In stock,Â£27.88,The Time Keeper
235,In stock,Â£52.67,The Testament of Mary
236,In stock,Â£46.02,The Star-Touched Queen
237,In stock,Â£44.48,The Songs of the Gods
238,In stock,Â£37.40,The Song of Achilles
239,In stock,Â£54.04,The Rosie Project (Don Tillman #1)
240,In stock,Â£16.88,The Power of Habit: Why We Do What We Do in Life and Business
241,In stock,Â£28.08,The Marriage of Opposites
242,In stock,Â£10.40,The Lucifer Effect: Understanding How Good People Turn Evil
243,In stock,Â£44.07,The Long Haul (Diary of a Wimpy Kid #9)
244,In stock,Â£23.40,The Loney
245,In stock,Â£17.43,The Literature Book (Big Ideas Simply Explained)
246,In stock,Â£54.21,The Last Mile (Amos Decker #2)
247,In stock,Â£40.67,The Immortal Life of Henrietta Lacks
248,In stock,Â£52.26,The Hidden Oracle (The Trials of Apollo #1)
249,In stock,Â£28.77,The Help Yourself Cookbook for Kids: 60 Easy Plant-Based Recipes Kids Can Make to Stay Healthy and Save the Earth
250,In stock,Â£13.82,The Guilty (Will Robie #4)
251,In stock,Â£25.85,The First Hostage (J.B. Collins #2)
252,In stock,Â£48.78,The Dovekeepers
253,In stock,Â£35.35,The Darkest Lie
254,In stock,Â£44.73,The Bane Chronicles (The Bane Chronicles #1-11)
255,In stock,Â£15.77,The Bad-Ass Librarians of Timbuktu: And Their Race to Save the Worldâs Most Precious Manuscripts
256,In stock,Â£39.24,The 14th Colony (Cotton Malone #11)
257,In stock,Â£13.92,That Darkness (Gardiner and Renner #1)
258,In stock,Â£10.69,Tastes Like Fear (DI Marnie Rome #3)
259,In stock,Â£45.21,Take Me with You
260,In stock,Â£45.58,Swell: A Year of Waves
261,In stock,Â£11.89,Superman Vol. 1: Before Truth (Superman by Gene Luen Yang #1)
262,In stock,Â£26.41,Still Life with Bread Crumbs
263,In stock,Â£39.50,Steve Jobs
264,In stock,Â£44.74,Sorting the Beef from the Bull: The Science of Food Fraud Forensics
265,In stock,Â£52.79,Someone Like You (The Harrisons #2)
266,In stock,Â£35.43,"So Cute It Hurts!!, Vol. 6 (So Cute It Hurts!! #6)"
267,In stock,Â£55.84,Shtum
268,In stock,Â£48.87,See America: A Celebration of Our National Parks & Treasured Sites
269,In stock,Â£46.78,salt.
270,In stock,Â£47.82,Robin War
271,In stock,Â£25.48,"Red Hood/Arsenal, Vol. 1: Open for Business (Red Hood/Arsenal #1)"
272,In stock,Â£23.57,Rain Fish
273,In stock,Â£50.89,"Quarter Life Poetry: Poems for the Young, Broke and Hangry"
274,In stock,Â£10.56,Pet Sematary
275,In stock,Â£52.15,"Overload: How to Unplug, Unwind, and Unleash Yourself from the Pressure of Stress"
276,In stock,Â£18.28,Once Was a Time
277,In stock,Â£11.83,Old School (Diary of a Wimpy Kid #10)
278,In stock,Â£21.95,No Dream Is Too High: Life Lessons From a Man Who Walked on the Moon
279,In stock,Â£38.39,"Naruto (3-in-1 Edition), Vol. 14: Includes Vols. 40, 41 & 42 (Naruto: Omnibus #14)"
280,In stock,Â£41.56,My Name Is Lucy Barton
281,In stock,Â£24.48,My Mrs. Brown
282,In stock,Â£40.36,My Kind of Crazy
283,In stock,Â£28.90,Mr. Mercedes (Bill Hodges Trilogy #1)
284,In stock,Â£37.61,More Than Music (Chasing the Dream #1)
285,In stock,Â£38.85,Made to Stick: Why Some Ideas Survive and Others Die
286,In stock,Â£53.95,Luis Paints the World
287,In stock,Â£49.83,Luckiest Girl Alive
288,In stock,Â£51.51,Lowriders to the Center of the Earth (Lowriders in Space #2)
289,In stock,Â£18.03,Love Is a Mix Tape (Music #1)
290,In stock,Â£29.14,Looking for Lovely: Collecting the Moments that Matter
291,In stock,Â£46.91,"Living Leadership by Insight: A Good Leader Achieves, a Great Leader Builds Monuments"
292,In stock,Â£26.79,Let It Out: A Journey Through Journaling
293,In stock,Â£16.28,Lady Midnight (The Dark Artifices #1)
294,In stock,Â£19.55,"It's All Easy: Healthy, Delicious Weeknight Meals in under 30 Minutes"
295,In stock,Â£29.65,Island of Dragons (Unwanteds #7)
296,In stock,Â£25.98,I Know What I'm Doing -- and Other Lies I Tell Myself: Dispatches from a Life Under Construction
297,In stock,Â£10.60,I Am Pilgrim (Pilgrim #1)
298,In stock,Â£14.75,"Hyperbole and a Half: Unfortunate Situations, Flawed Coping Mechanisms, Mayhem, and Other Things That Happened"
299,In stock,Â£47.02,"Hush, Hush (Hush, Hush #1)"
300,In stock,Â£28.82,Hold Your Breath (Search and Rescue #1)
301,In stock,Â£58.79,Hamilton: The Revolution
302,In stock,Â£10.23,Greek Mythic History
303,In stock,Â£30.03,God: The Most Unpleasant Character in All Fiction
304,In stock,Â£45.84,Glory over Everything: Beyond The Kitchen House
305,In stock,Â£49.05,Feathers: Displays of Brilliant Plumage
306,In stock,Â£15.06,"Far & Away: Places on the Brink of Change: Seven Continents, Twenty-Five Years"
307,In stock,Â£46.47,Every Last Word
308,In stock,Â£27.09,Eligible (The Austen Project #4)
309,In stock,Â£57.62,El Deafo
310,In stock,Â£14.39,Eight Hundred Grapes
311,In stock,Â£51.75,"Eaternity: More than 150 Deliciously Easy Vegan Recipes for a Long, Healthy, Satisfied, Joyful Life"
312,In stock,Â£54.07,"Eat Fat, Get Thin"
313,In stock,Â£55.35,Don't Get Caught
314,In stock,Â£40.12,Doctor Sleep (The Shining #2)
315,In stock,Â£37.51,Demigods & Magicians: Percy and Annabeth Meet the Kanes (Percy Jackson & Kane Chronicles Crossover #1-3)
316,In stock,Â£11.21,Dear Mr. Knightley
317,In stock,Â£36.58,Daily Fantasy Sports
318,In stock,Â£47.72,Crazy Love: Overwhelmed by a Relentless God
319,In stock,Â£25.01,Cometh the Hour (The Clifton Chronicles #6)
320,In stock,Â£22.13,Code Name Verity (Code Name Verity #1)
321,In stock,Â£44.14,Clockwork Angel (The Infernal Devices #1)
322,In stock,Â£56.02,City of Glass (The Mortal Instruments #3)
323,In stock,Â£11.23,City of Fallen Angels (The Mortal Instruments #4)
324,In stock,Â£43.28,City of Bones (The Mortal Instruments #1)
325,In stock,Â£47.27,City of Ashes (The Mortal Instruments #2)
326,In stock,Â£20.29,Cell
327,In stock,Â£50.83,Catching Jordan (Hundred Oaks)
328,In stock,Â£31.85,"Carry On, Warrior: Thoughts on Life Unarmed"
329,In stock,Â£46.23,Carrie
330,In stock,Â£37.80,Buying In: The Secret Dialogue Between What We Buy and Who We Are
331,In stock,Â£49.32,Brain on Fire: My Month of Madness
332,In stock,Â£32.01,Batman: Europa
333,In stock,Â£28.01,Barefoot Contessa Back to Basics
334,In stock,Â£50.62,Barefoot Contessa at Home: Everyday Recipes You'll Make Over and Over Again
335,In stock,Â£17.03,Balloon Animals
336,In stock,Â£48.80,Art Ops Vol. 1
337,In stock,Â£58.14,Aristotle and Dante Discover the Secrets of the Universe (Aristotle and Dante Discover the Secrets of the Universe #1)
338,In stock,Â£34.20,Angels Walking (Angels Walking #1)
339,In stock,Â£51.48,Angels & Demons (Robert Langdon #1)
340,In stock,Â£29.87,All the Light We Cannot See
341,In stock,Â£10.90,"Adulthood Is a Myth: A ""Sarah's Scribbles"" Collection"
342,In stock,Â£56.37,Abstract City
343,In stock,Â£48.35,A Time of Torment (Charlie Parker #14)
344,In stock,Â£16.73,A Study in Scarlet (Sherlock Holmes #1)
345,In stock,Â£56.48,"A Series of Catastrophes and Miracles: A True Story of Love, Science, and Cancer"
346,In stock,Â£40.79,A People's History of the United States
347,In stock,Â£39.72,A Man Called Ove
348,In stock,Â£14.58,A Distant Mirror: The Calamitous 14th Century
349,In stock,Â£55.51,A Brush of Wings (Angels Walking #3)
350,In stock,Â£21.80,1491: New Revelations of the Americas Before Columbus
351,In stock,Â£13.33,"The Three Searches, Meaning, and the Story"
352,In stock,Â£38.73,Searching for Meaning in Gailana
353,In stock,Â£37.86,Rook
354,In stock,Â£11.53,My Kitchen Year: 136 Recipes That Saved My Life
355,In stock,Â£27.06,13 Hours: The Inside Account of What Really Happened In Benghazi
356,In stock,Â£13.86,Will You Won't You Want Me?
357,In stock,Â£37.55,Tipping Point for Planet Earth: How Close Are We to the Edge?
358,In stock,Â£32.30,The Star-Touched Queen
359,In stock,Â£46.29,The Silent Sister (Riley MacPherson #1)
360,In stock,Â£26.20,The Midnight Watch: A Novel of the Titanic and the Californian
361,In stock,Â£33.26,The Lonely City: Adventures in the Art of Being Alone
362,In stock,Â£59.15,The Gray Rhino: How to Recognize and Act on the Obvious Dangers We Ignore
363,In stock,Â£39.43,The Golden Condom: And Other Essays on Love Lost and Found
364,In stock,Â£14.44,The Epidemic (The Program 0.6)
365,In stock,Â£56.54,The Dinner Party
366,In stock,Â£59.90,The Diary of a Young Girl
367,In stock,Â£11.88,The Children
368,In stock,Â£48.05,Stars Above (The Lunar Chronicles #4.5)
369,In stock,Â£21.21,Snatched: How A Drug Queen Went Undercover for the DEA and Was Kidnapped By Colombian Guerillas
370,In stock,Â£49.67,Raspberry Pi Electronics Projects for the Evil Genius
371,In stock,Â£43.14,Quench Your Own Thirst: Business Lessons Learned Over a Beer or Two
372,In stock,Â£36.97,Psycho: Sanitarium (Psycho #1.5)
373,In stock,Â£26.80,Poisonous (Max Revere Novels #3)
374,In stock,Â£15.71,One with You (Crossfire #5)
375,In stock,Â£54.65,No Love Allowed (Dodge Cove #1)
376,In stock,Â£54.36,Murder at the 42nd Street Library (Raymond Ambler #1)
377,In stock,Â£35.28,Most Wanted
378,In stock,Â£20.55,"Love, Lies and Spies"
379,In stock,Â£58.32,How to Speak Golf: An Illustrated Guide to Links Lingo
380,In stock,Â£11.84,Hide Away (Eve Duncan #20)
381,In stock,Â£41.46,Furiously Happy: A Funny Book About Horrible Things
382,In stock,Â£20.10,Everyday Italian: 125 Simple and Delicious Recipes
383,In stock,Â£56.86,Equal Is Unfair: America's Misguided Fight Against Income Inequality
384,In stock,Â£56.51,Eleanor & Park
385,In stock,Â£40.83,Dirty (Dive Bar #1)
386,In stock,Â£48.64,Can You Keep a Secret? (Fear Street Relaunch #4)
387,In stock,Â£59.48,Boar Island (Anna Pigeon #19)
388,In stock,Â£39.01,A Paris Apartment
389,In stock,Â£38.77,"A la Mode: 120 Recipes in 60 Pairings: Pies, Tarts, Cakes, Crisps, and More Topped with Ice Cream, Gelato, Frozen Custard, and More"
390,In stock,Â£48.39,Troublemaker: Surviving Hollywood and Scientology
391,In stock,Â£27.26,The Widow
392,In stock,Â£11.68,"The Sleep Revolution: Transforming Your Life, One Night at a Time"
393,In stock,Â£59.45,The Improbability of Love
394,In stock,Â£21.00,The Art of Startup Fundraising
395,In stock,Â£53.98,Take Me Home Tonight (Rock Star Romance #3)
396,In stock,Â£48.74,Sleeping Giants (Themis Files #1)
397,In stock,Â£21.15,"Setting the World on Fire: The Brief, Astonishing Life of St. Catherine of Siena"
398,In stock,Â£13.71,Playing with Fire
399,In stock,Â£47.67,Off the Hook (Fishing for Trouble #1)
400,In stock,Â£13.34,Mothering Sunday
401,In stock,Â£16.89,"Mother, Can You Not?"
402,In stock,Â£27.18,M Train
403,In stock,Â£17.28,Lilac Girls
404,In stock,Â£45.14,Lies and Other Acts of Love
405,In stock,Â£40.85,Lab Girl
406,In stock,Â£20.46,Keep Me Posted
407,In stock,Â£56.27,It Didn't Start with You: How Inherited Family Trauma Shapes Who We Are and How to End the Cycle
408,In stock,Â£48.49,Grey (Fifty Shades #4)
409,In stock,Â£51.34,"Exit, Pursued by a Bear"
410,In stock,Â£16.34,Daredevils
411,In stock,Â£20.50,Cravings: Recipes for What You Want to Eat
412,In stock,Â£21.59,Born for This: How to Find the Work You Were Meant to Do
413,In stock,Â£21.36,Arena
414,In stock,Â£20.88,Adultery
415,In stock,Â£19.53,A Mother's Reckoning: Living in the Aftermath of Tragedy
416,In stock,Â£14.75,A Gentleman's Position (Society of Gentlemen #3)
417,In stock,Â£48.48,11/22/63
418,In stock,Â£24.57,"10% Happier: How I Tamed the Voice in My Head, Reduced Stress Without Losing My Edge, and Found Self-Help That Actually Works"
419,In stock,Â£49.71,10-Day Green Smoothie Cleanse: Lose Up to 15 Pounds in 10 Days!
420,In stock,Â£48.27,Without Shame
421,In stock,Â£58.05,Watchmen
422,In stock,Â£58.87,Unlimited Intuition Now
423,In stock,Â£11.82,Underlying Notes
424,In stock,Â£28.03,The Shack
425,In stock,Â£44.05,The New Brand You: Your New Image Makes the Sale for You
426,In stock,Â£12.34,"The Moosewood Cookbook: Recipes from Moosewood Restaurant, Ithaca, New York"
427,In stock,Â£16.68,The Flowers Lied
428,In stock,Â£55.91,"The Fabric of the Cosmos: Space, Time, and the Texture of Reality"
429,In stock,Â£24.57,The Book of Mormon
430,In stock,Â£52.98,The Art and Science of Low Carbohydrate Living
431,In stock,Â£54.40,The Alien Club
432,In stock,Â£54.81,Suzie Snowflake: One beautiful flake (a self-esteem story)
433,In stock,Â£25.08,Nap-a-Roo
434,In stock,Â£10.41,"NaNo What Now? Finding your editing process, revising your NaNoWriMo book and building a writing career through publishing and beyond"
435,In stock,Â£47.44,Modern Day Fables
436,In stock,Â£20.91,If I Gave You God's Phone Number....: Searching for Spirituality in America
437,In stock,Â£33.95,"Fruits Basket, Vol. 9 (Fruits Basket #9)"
438,In stock,Â£43.68,Dress Your Family in Corduroy and Denim
439,In stock,Â£33.23,Don't Forget Steven
440,In stock,Â£35.92,Chernobyl 01:23:40: The Incredible True Story of the World's Worst Nuclear Disaster
441,In stock,Â£48.63,Art and Fear: Observations on the Perils (and Rewards) of Artmaking
442,In stock,Â£56.63,A Shard of Ice (The Black Symphony Saga #1)
443,In stock,Â£50.49,A Hero's Curse (The Unseen Chronicles #1)
444,In stock,Â£35.79,23 Degrees South: A Tropical Tale of Changing Whether...
445,In stock,Â£34.06,"Zero to One: Notes on Startups, or How to Build the Future"
446,In stock,Â£17.76,Why Not Me?
447,In stock,Â£39.36,When Breath Becomes Air
448,In stock,Â£36.94,Vagabonding: An Uncommon Guide to the Art of Long-Term World Travel
449,In stock,Â£43.62,The Unlikely Pilgrimage of Harold Fry (Harold Fry #1)
450,In stock,Â£43.02,The New Drawing on the Right Side of the Brain
451,In stock,Â£28.45,"The Midnight Assassin: Panic, Scandal, and the Hunt for America's First Serial Killer"
452,In stock,Â£41.39,The Martian (The Martian #1)
453,In stock,Â£51.15,The High Mountains of Portugal
454,In stock,Â£35.88,The Grownup
455,In stock,Â£36.91,The E-Myth Revisited: Why Most Small Businesses Don't Work and What to Do About It
456,In stock,Â£28.93,South of Sunshine
457,In stock,Â£38.89,Smarter Faster Better: The Secrets of Being Productive in Life and Business
458,In stock,Â£58.33,Silence in the Dark (Logan Point #4)
459,In stock,Â£39.67,Shadows of the Past (Logan Point #1)
460,In stock,Â£14.10,Roller Girl
461,In stock,Â£21.82,Rising Strong
462,In stock,Â£54.21,Proofs of God: Classical Arguments from Tertullian to Barth
463,In stock,Â£31.19,Please Kill Me: The Uncensored Oral History of Punk
464,In stock,Â£53.64,Out of Print: City Lights Spotlight No. 14
465,In stock,Â£36.39,My Life Next Door (My Life Next Door )
466,In stock,Â£58.54,Miller's Valley
467,In stock,Â£29.48,Man's Search for Meaning
468,In stock,Â£25.06,"Love That Boy: What Two Presidents, Eight Road Trips, and My Son Taught Me About a Parent's Expectations"
469,In stock,Â£12.55,Living Forward: A Proven Plan to Stop Drifting and Get the Life You Want
470,In stock,Â£29.04,Les Fleurs du Mal
471,In stock,Â£40.72,Left Behind (Left Behind #1)
472,In stock,Â£45.05,Kill 'Em and Leave: Searching for James Brown and the American Soul
473,In stock,Â£47.13,Kierkegaard: A Christian Missionary to Christians
474,In stock,Â£20.22,John Vassos: Industrial Design for Modern Life
475,In stock,Â£56.48,I'll Give You the Sun
476,In stock,Â£44.21,I Will Find You
477,In stock,Â£21.96,Hystopia: A Novel
478,In stock,Â£40.45,Howl and Other Poems
479,In stock,Â£10.29,History of Beauty
480,In stock,Â£52.86,Heaven is for Real: A Little Boy's Astounding Story of His Trip to Heaven and Back
481,In stock,Â£55.65,Future Shock (Future Shock #1)
482,In stock,Â£43.64,Ender's Game (The Ender Quintet #1)
483,In stock,Â£28.41,Diary of a Citizen Scientist: Chasing Tiger Beetles and Other New Ways of Engaging the World
484,In stock,Â£37.51,Death by Leisure: A Cautionary Tale
485,In stock,Â£11.45,Brilliant Beacons: A History of the American Lighthouse
486,In stock,Â£19.22,Brazen: The Courage to Find the You That's Been Hiding
487,In stock,Â£56.91,Between the World and Me
488,In stock,Â£55.06,Being Mortal: Medicine and What Matters in the End
489,In stock,Â£13.20,"A Murder Over a Girl: Justice, Gender, Junior High"
490,In stock,Â£53.63,32 Yolks
491,In stock,Â£44.48,"""Most Blessed of the Patriarchs"": Thomas Jefferson and the Empire of the Imagination"
492,In stock,Â£12.08,You Are a Badass: How to Stop Doubting Your Greatness and Start Living an Awesome Life
493,In stock,Â£22.14,Wildlife of New York: A Five-Borough Coloring Book
494,In stock,Â£25.37,What Happened on Beale Street (Secrets of the South Mysteries #2)
495,In stock,Â£46.33,Unreasonable Hope: Finding Faith in the God Who Brings Purpose to Your Pain
496,In stock,Â£37.33,Under the Tuscan Sun
497,In stock,Â£25.55,Toddlers Are A**holes: It's Not Your Fault
498,In stock,Â£34.72,The Year of Living Biblically: One Man's Humble Quest to Follow the Bible as Literally as Possible
499,In stock,Â£35.96,The Whale
500,In stock,Â£41.14,The Story of Art
501,In stock,Â£10.01,The Origin of Species
502,In stock,Â£36.05,The Great Gatsby
503,In stock,Â£49.03,The Good Girl
504,In stock,Â£16.24,The Glass Castle
505,In stock,Â£39.55,The Faith of Christopher Hitchens: The Restless Soul of the World's Most Notorious Atheist
506,In stock,Â£35.67,The Drowning Girls
507,In stock,Â£16.62,The Constant Princess (The Tudor Court #1)
508,In stock,Â£42.78,The Bourne Identity (Jason Bourne #1)
509,In stock,Â£52.30,The Bachelor Girl's Guide to Murder (Herringford and Watts Mysteries #1)
510,In stock,Â£32.34,The Art Book
511,In stock,Â£33.17,The 7 Habits of Highly Effective People: Powerful Lessons in Personal Change
512,In stock,Â£20.12,Team of Rivals: The Political Genius of Abraham Lincoln
513,In stock,Â£20.90,Steal Like an Artist: 10 Things Nobody Told You About Being Creative
514,In stock,Â£20.90,"Sit, Stay, Love"
515,In stock,Â£40.20,Sister Dear
516,In stock,Â£52.87,"Shrunken Treasures: Literary Classics, Short, Sweet, and Silly"
517,In stock,Â£51.74,"Rich Dad, Poor Dad"
518,In stock,Â£34.41,Raymie Nightingale
519,In stock,Â£32.38,Playing from the Heart
520,In stock,Â£50.35,Nightstruck: A Novel
521,In stock,Â£11.38,"Naturally Lean: 125 Nourishing Gluten-Free, Plant-Based Recipes--All Under 300 Calories"
522,In stock,Â£43.58,Meternity
523,In stock,Â£49.67,Memoirs of a Geisha
524,In stock,Â£28.77,Like Never Before (Walker Family #2)
525,In stock,Â£13.22,Life of Pi
526,In stock,Â£51.17,Leave This Song Behind: Teen Poetry at Its Best
527,In stock,Â£39.61,King's Folly (The Kinsman Chronicles #1)
528,In stock,Â£57.43,John Adams
529,In stock,Â£46.01,How to Cook Everything Vegetarian: Simple Meatless Recipes for Great Food (How to Cook Everything)
530,In stock,Â£28.25,How to Be a Domestic Goddess: Baking and the Art of Comfort Cooking
531,In stock,Â£37.05,Good in Bed (Cannie Shapiro #1)
532,In stock,Â£19.57,"Fruits Basket, Vol. 7 (Fruits Basket #7)"
533,In stock,Â£45.13,For the Love: Fighting for Grace in a World of Impossible Standards
534,In stock,Â£46.64,Finding God in the Ruins: How God Redeems Pain
535,In stock,Â£12.16,Every Heart a Doorway (Every Heart A Doorway #1)
536,In stock,Â£20.89,Delivering the Truth (Quaker Midwife Mystery #1)
537,In stock,Â£17.97,Counted With the Stars (Out from Egypt #1)
538,In stock,Â£52.60,"Chronicles, Vol. 1"
539,In stock,Â£25.77,Blue Like Jazz: Nonreligious Thoughts on Christian Spirituality
540,In stock,Â£48.19,Benjamin Franklin: An American Life
541,In stock,Â£29.93,"At The Existentialist CafÃ©: Freedom, Being, and apricot cocktails with: Jean-Paul Sartre, Simone de Beauvoir, Albert Camus, Martin Heidegger, Edmund Husserl, Karl Jaspers, Maurice Merleau-Ponty and others"
542,In stock,Â£44.34,A Summer In Europe
543,In stock,Â£52.40,A Short History of Nearly Everything
544,In stock,Â£44.81,A Gathering of Shadows (Shades of Magic #2)
545,In stock,Â£57.84,The Sound Of Love
546,In stock,Â£39.67,The Rise and Fall of the Third Reich: A History of Nazi Germany
547,In stock,Â£55.02,The Perks of Being a Wallflower
548,In stock,Â£24.80,The Mysterious Affair at Styles (Hercule Poirot #1)
549,In stock,Â£59.45,The Man Who Mistook His Wife for a Hat and Other Clinical Tales
550,In stock,Â£31.58,The Makings of a Fatherless Child
551,In stock,Â£43.27,The Joy of Cooking
552,In stock,Â£37.34,The Invention of Wings
553,In stock,Â£17.80,The Hobbit (Middle-Earth Universe)
554,In stock,Â£30.54,The Great Railway Bazaar
555,In stock,Â£18.77,The Golden Compass (His Dark Materials #1)
556,In stock,Â£46.85,The God Delusion
557,In stock,Â£15.79,The Girl You Left Behind (The Girl You Left Behind #1)
558,In stock,Â£10.27,The Fellowship of the Ring (The Lord of the Rings #1)
559,In stock,Â£15.42,The Collected Poems of W.B. Yeats (The Collected Works of W.B. Yeats #1)
560,In stock,Â£59.92,The Barefoot Contessa Cookbook
561,In stock,Â£50.96,Tell the Wolves I'm Home
562,In stock,Â£30.60,Ship Leaves Harbor: Essays on Travel by a Recovering Journeyman
563,In stock,Â£19.27,Pride and Prejudice
564,In stock,Â£46.58,Musicophilia: Tales of Music and the Brain
565,In stock,Â£48.51,Mere Christianity
566,In stock,Â£19.02,Me Before You (Me Before You #1)
567,In stock,Â£38.38,In the Woods (Dublin Murder Squad #1)
568,In stock,Â£49.98,In Cold Blood
569,In stock,Â£46.49,How to Stop Worrying and Start Living
570,In stock,Â£18.32,Give It Back
571,In stock,Â£42.14,"Girl, Interrupted"
572,In stock,Â£56.59,Fun Home: A Family Tragicomic
573,In stock,Â£20.96,"Fruits Basket, Vol. 6 (Fruits Basket #6)"
574,In stock,Â£40.32,Deception Point
575,In stock,Â£36.39,"Death Note, Vol. 6: Give-and-Take (Death Note #6)"
576,In stock,Â£58.55,Catherine the Great: Portrait of a Woman
577,In stock,Â£39.61,Better Homes and Gardens New Cook Book
578,In stock,Â£21.30,An Unquiet Mind: A Memoir of Moods and Madness
579,In stock,Â£56.88,A Year in Provence (Provence #1)
580,In stock,Â£32.97,World Without End (The Pillars of the Earth #2)
581,In stock,Â£47.31,"Will Grayson, Will Grayson (Will Grayson, Will Grayson)"
582,In stock,Â£48.67,Why Save the Bankers?: And Other Essays on Our Economic and Political Crisis
583,In stock,Â£41.73,Where She Went (If I Stay #2)
584,In stock,Â£53.68,What If?: Serious Scientific Answers to Absurd Hypothetical Questions
585,In stock,Â£14.64,Two Summers
586,In stock,Â£38.40,This Is Your Brain on Music: The Science of a Human Obsession
587,In stock,Â£15.08,The Secret Garden
588,In stock,Â£30.57,The Raven King (The Raven Cycle #4)
589,In stock,Â£57.74,The Raven Boys (The Raven Cycle #1)
590,In stock,Â£11.05,The Power Greens Cookbook: 140 Delicious Superfood Recipes
591,In stock,Â£28.58,The Metamorphosis
592,In stock,Â£42.91,The Mathews Men: Seven Brothers and the War Against Hitler's U-boats
593,In stock,Â£24.73,The Little Paris Bookshop
594,In stock,Â£55.91,The Hiding Place
595,In stock,Â£13.76,The Grand Design
596,In stock,Â£45.56,The Firm
597,In stock,Â£47.22,The Fault in Our Stars
598,In stock,Â£56.00,The False Prince (The Ascendance Trilogy #1)
599,In stock,Â£44.58,The Expatriates
600,In stock,Â£34.50,The Dream Thieves (The Raven Cycle #2)
601,In stock,Â£11.33,The Darkest Corners
602,In stock,Â£38.77,The Crossover
603,In stock,Â£11.83,The 5th Wave (The 5th Wave #1)
604,In stock,Â£45.51,Tell the Wind and Fire
605,In stock,Â£41.81,Tell Me Three Things
606,In stock,Â£25.15,Talking to Girls About Duran Duran: One Young Man's Quest for True Love and a Cooler Haircut
607,In stock,Â£34.22,Siddhartha
608,In stock,Â£16.23,Shiver (The Wolves of Mercy Falls #1)
609,In stock,Â£11.48,Remember Me?
610,In stock,Â£23.37,Red Dragon (Hannibal Lecter #1)
611,In stock,Â£16.28,Peak: Secrets from the New Science of Expertise
612,In stock,Â£31.63,My Mother Was Nuts
613,In stock,Â£24.91,Mexican Today: New and Rediscovered Recipes for Contemporary Kitchens
614,In stock,Â£22.54,Maybe Something Beautiful: How Art Transformed a Neighborhood
615,In stock,Â£23.63,Lola and the Boy Next Door (Anna and the French Kiss #2)
616,In stock,Â£13.12,Logan Kade (Fallen Crest High #5.5)
617,In stock,Â£59.98,Last One Home (New Beginnings #1)
618,In stock,Â£31.49,Killing Floor (Jack Reacher #1)
619,In stock,Â£15.52,Kill the Boy Band
620,In stock,Â£48.13,Isla and the Happily Ever After (Anna and the French Kiss #3)
621,In stock,Â£38.13,If I Stay (If I Stay #1)
622,In stock,Â£36.55,I Know Why the Caged Bird Sings (Maya Angelou's Autobiography #1)
623,In stock,Â£23.32,Harry Potter and the Deathly Hallows (Harry Potter #7)
624,In stock,Â£16.33,"Fruits Basket, Vol. 5 (Fruits Basket #5)"
625,In stock,Â£32.42,Foundation (Foundation (Publication Order) #1)
626,In stock,Â£16.96,Fool Me Once
627,In stock,Â£22.37,Find Her (Detective D.D. Warren #8)
628,In stock,Â£42.27,Evicted: Poverty and Profit in the American City
629,In stock,Â£38.70,Drama
630,In stock,Â£35.63,Dracula the Un-Dead
631,In stock,Â£58.00,Digital Fortress
632,In stock,Â£52.41,"Death Note, Vol. 5: Whiteout (Death Note #5)"
633,In stock,Â£32.35,"Data, A Love Story: How I Gamed Online Dating to Meet My Match"
634,In stock,Â£20.75,Critique of Pure Reason
635,In stock,Â£17.49,Booked
636,In stock,Â£34.13,"Blue Lily, Lily Blue (The Raven Cycle #3)"
637,In stock,Â£58.81,Approval Junkie: Adventures in Caring Too Much
638,In stock,Â£10.00,An Abundance of Katherines
639,In stock,Â£51.22,America's War for the Greater Middle East: A Military History
640,In stock,Â£58.59,Alight (The Generations Trilogy #2)
641,In stock,Â£31.30,A Girl's Guide to Moving On (New Beginnings #2)
642,In stock,Â£46.42,A Game of Thrones (A Song of Ice and Fire #1)
643,In stock,Â£17.21,A Feast for Crows (A Song of Ice and Fire #4)
644,In stock,Â£10.79,A Clash of Kings (A Song of Ice and Fire #2)
645,In stock,Â£52.35,Vogue Colors A to Z: A Fashion Coloring Book
646,In stock,Â£27.88,The Shining (The Shining #1)
647,In stock,Â£50.26,The Pilgrim's Progress
648,In stock,Â£59.99,The Perfect Play (Play by Play #1)
649,In stock,Â£28.32,The Passion of Dolssa
650,In stock,Â£38.71,The Jazz of Physics: The Secret Link Between Music and the Structure of the Universe
651,In stock,Â£29.85,The Hunger Games (The Hunger Games #1)
652,In stock,Â£14.82,The Hound of the Baskervilles (Sherlock Holmes #5)
653,In stock,Â£16.81,The Gunning of America: Business and the Making of American Gun Culture
654,In stock,Â£28.23,The Geography of Bliss: One Grump's Search for the Happiest Places in the World
655,In stock,Â£52.11,The Demonists (Demonist #1)
656,In stock,Â£27.88,"The Demon Prince of Momochi House, Vol. 4 (The Demon Prince of Momochi House #4)"
657,In stock,Â£59.71,The Bone Hunters (Lexy Vaughan & Steven Macaulay #2)
658,In stock,Â£46.08,The Beast (Black Dagger Brotherhood #14)
659,In stock,Â£13.73,Some Women
660,In stock,Â£48.39,Shopaholic Ties the Knot (Shopaholic #3)
661,In stock,Â£49.45,Paper and Fire (The Great Library #2)
662,In stock,Â£19.67,Outlander (Outlander #1)
663,In stock,Â£12.36,"Orchestra of Exiles: The Story of Bronislaw Huberman, the Israel Philharmonic, and the One Thousand Jews He Saved from Nazi Horrors"
664,In stock,Â£20.02,No One Here Gets Out Alive
665,In stock,Â£12.75,Night Shift (Night Shift #1-20)
666,In stock,Â£47.51,Needful Things
667,In stock,Â£20.44,Mockingjay (The Hunger Games #3)
668,In stock,Â£34.79,Misery
669,In stock,Â£28.07,Little Women (Little Women #1)
670,In stock,Â£25.01,It
671,In stock,Â£13.90,Harry Potter and the Sorcerer's Stone (Harry Potter #1)
672,In stock,Â£24.17,Harry Potter and the Prisoner of Azkaban (Harry Potter #3)
673,In stock,Â£31.63,Harry Potter and the Order of the Phoenix (Harry Potter #5)
674,In stock,Â£48.75,Harry Potter and the Half-Blood Prince (Harry Potter #6)
675,In stock,Â£14.74,Harry Potter and the Chamber of Secrets (Harry Potter #2)
676,In stock,Â£32.49,Gone with the Wind
677,In stock,Â£27.80,God Is Not Great: How Religion Poisons Everything
678,In stock,Â£26.77,Girl With a Pearl Earring
679,In stock,Â£50.44,"Fruits Basket, Vol. 4 (Fruits Basket #4)"
680,In stock,Â£34.93,Far From True (Promise Falls Trilogy #2)
681,In stock,Â£12.87,Dark Lover (Black Dagger Brotherhood #1)
682,In stock,Â£48.94,Confessions of a Shopaholic (Shopaholic #1)
683,In stock,Â£13.38,Changing the Game (Play by Play #2)
684,In stock,Â£58.63,Candide
685,In stock,Â£21.94,Can You Keep a Secret?
686,In stock,Â£26.58,Atlas Shrugged
687,In stock,Â£57.22,Animal Farm
688,In stock,Â£56.43,A Walk to Remember
689,In stock,Â£55.65,A New Earth: Awakening to Your Life's Purpose
690,In stock,Â£27.62,"A History of God: The 4,000-Year Quest of Judaism, Christianity, and Islam"
691,In stock,Â£49.56,'Salem's Lot
692,In stock,Â£34.77,Zero History (Blue Ant #3)
693,In stock,Â£17.73,Wuthering Heights
694,In stock,Â£21.80,World War Z: An Oral History of the Zombie War
695,In stock,Â£46.02,Wild: From Lost to Found on the Pacific Crest Trail
696,In stock,Â£18.13,"Where'd You Go, Bernadette"
697,In stock,Â£30.89,When You Are Engulfed in Flames
698,In stock,Â£31.95,We the People: The Modern-Day Figures Who Have Reshaped and Affirmed the Founding Fathers' Vision of America
699,In stock,Â£24.04,We Are All Completely Beside Ourselves
700,In stock,Â£32.36,Walk the Edge (Thunder Road #2)
701,In stock,Â£21.07,Voyager (Outlander #3)
702,In stock,Â£50.66,Very Good Lives: The Fringe Benefits of Failure and the Importance of Imagination
703,In stock,Â£13.66,Vegan Vegetarian Omnivore: Dinner for Everyone at the Table
704,In stock,Â£58.09,"Unstuffed: Decluttering Your Home, Mind, and Soul"
705,In stock,Â£30.00,Under the Banner of Heaven: A Story of Violent Faith
706,In stock,Â£32.74,Two Boys Kissing
707,In stock,Â£41.93,Twilight (Twilight #1)
708,In stock,Â£42.80,Twenties Girl
709,In stock,Â£53.51,"Trespassing Across America: One Man's Epic, Never-Done-Before (and Sort of Illegal) Hike Across the Heartland"
710,In stock,Â£23.21,Three-Martini Lunch
711,In stock,Â£21.14,"Thinking, Fast and Slow"
712,In stock,Â£56.07,The Wild Robot
713,In stock,Â£14.41,"The Wicked + The Divine, Vol. 3: Commercial Suicide (The Wicked + The Divine)"
714,In stock,Â£45.75,The Undomestic Goddess
715,In stock,Â£15.77,The Travelers
716,In stock,Â£10.02,The Tipping Point: How Little Things Can Make a Big Difference
717,In stock,Â£48.77,The Thing About Jellyfish
718,In stock,Â£57.86,The Stand
719,In stock,Â£23.59,The Smitten Kitchen Cookbook
720,In stock,Â£23.05,The Silkworm (Cormoran Strike #2)
721,In stock,Â£55.55,"The Sandman, Vol. 3: Dream Country (The Sandman (volumes) #3)"
722,In stock,Â£58.64,The Rose & the Dagger (The Wrath and the Dawn #2)
723,In stock,Â£23.21,The Road to Little Dribbling: Adventures of an American in Britain (Notes From a Small Island #2)
724,In stock,Â£42.57,The Rise of Theodore Roosevelt (Theodore Roosevelt #1)
725,In stock,Â£10.92,The Restaurant at the End of the Universe (Hitchhiker's Guide to the Galaxy #2)
726,In stock,Â£34.77,The Rest Is Noise: Listening to the Twentieth Century
727,In stock,Â£35.66,The Red Tent
728,In stock,Â£37.19,The Purpose Driven Life: What on Earth Am I Here for?
729,In stock,Â£12.25,The Purest Hook (Second Circle Tattoos #3)
730,In stock,Â£29.70,The Picture of Dorian Gray
731,In stock,Â£36.80,The Paris Wife
732,In stock,Â£45.43,The Obsession
733,In stock,Â£26.26,The Nightingale
734,In stock,Â£44.92,The New Guy (and Other Senior Year Distractions)
735,In stock,Â£52.53,The Nanny Diaries (Nanny #1)
736,In stock,Â£37.25,The Name of God is Mercy
737,In stock,Â£20.93,The Maze Runner (The Maze Runner #1)
738,In stock,Â£58.09,The Lover's Dictionary
739,In stock,Â£43.59,The Lonely Ones
740,In stock,Â£33.92,The Lean Startup: How Today's Entrepreneurs Use Continuous Innovation to Create Radically Successful Businesses
741,In stock,Â£55.55,The Last Painting of Sara de Vos
742,In stock,Â£29.64,"The Land of 10,000 Madonnas"
743,In stock,Â£27.41,The Infinities
744,In stock,Â£52.51,The Husband's Secret
745,In stock,Â£47.80,The Hitchhiker's Guide to the Galaxy (Hitchhiker's Guide to the Galaxy #1)
746,In stock,Â£14.54,The Guns of August
747,In stock,Â£49.53,The Guernsey Literary and Potato Peel Pie Society
748,In stock,Â£43.58,The Goldfinch
749,In stock,Â£12.30,The Giver (The Giver Quartet #1)
750,In stock,Â£49.47,The Girl with All the Gifts
751,In stock,Â£22.14,The Girl Who Played with Fire (Millennium Trilogy #2)
752,In stock,Â£57.48,The Girl Who Kicked the Hornet's Nest (Millennium Trilogy #3)
753,In stock,Â£43.45,The Exiled
754,In stock,Â£22.13,"The End of Faith: Religion, Terror, and the Future of Reason"
755,In stock,Â£13.03,"The Elegant Universe: Superstrings, Hidden Dimensions, and the Quest for the Ultimate Theory"
756,In stock,Â£57.35,"The Disappearing Spoon: And Other True Tales of Madness, Love, and the History of the World from the Periodic Table of the Elements"
757,In stock,Â£44.29,The Devil Wears Prada (The Devil Wears Prada #1)
758,In stock,Â£52.25,The Demon-Haunted World: Science as a Candle in the Dark
759,In stock,Â£26.33,The Day the Crayons Came Home (Crayons)
760,In stock,Â£22.96,The Da Vinci Code (Robert Langdon #2)
761,In stock,Â£19.21,The Cuckoo's Calling (Cormoran Strike #1)
762,In stock,Â£26.78,The Complete Stories and Poems (The Works of Edgar Allan Poe [Cameo Edition])
763,In stock,Â£41.32,The Complete Poems
764,In stock,Â£24.55,The Catcher in the Rye
765,In stock,Â£16.26,The Cat in the Hat (Beginner Books B-1)
766,In stock,Â£47.84,The Case for Christ (Cases for Christianity)
767,In stock,Â£53.49,The Book Thief
768,In stock,Â£44.84,The Book of Basketball: The NBA According to The Sports Guy
769,In stock,Â£53.71,The Blind Side: Evolution of a Game
770,In stock,Â£23.43,The Autobiography of Malcolm X
771,In stock,Â£34.32,"The Art of Simple Food: Notes, Lessons, and Recipes from a Delicious Revolution"
772,In stock,Â£22.10,The Art of Fielding
773,In stock,Â£25.83,"Surely You're Joking, Mr. Feynman!: Adventures of a Curious Character"
774,In stock,Â£36.74,Stiff: The Curious Lives of Human Cadavers
775,In stock,Â£49.51,Spilled Milk: Based on a True Story
776,In stock,Â£48.96,Something Borrowed (Darcy & Rachel #1)
777,In stock,Â£54.62,Something Blue (Darcy & Rachel #2)
778,In stock,Â£24.72,Soldier (Talon #3)
779,In stock,Â£46.45,Shopaholic & Baby (Shopaholic #5)
780,In stock,Â£52.33,Seven Days in the Art World
781,In stock,Â£30.60,Seven Brief Lessons on Physics
782,In stock,Â£14.57,Scarlet (The Lunar Chronicles #2)
783,In stock,Â£46.29,Sarah's Key
784,In stock,Â£21.57,"Saga, Volume 3 (Saga (Collected Editions) #3)"
785,In stock,Â£12.91,Running with Scissors
786,In stock,Â£50.11,Rogue Lawyer (Rogue Lawyer #1)
787,In stock,Â£41.67,"Rise of the Rocket Girls: The Women Who Propelled Us, from Missiles to the Moon to Mars"
788,In stock,Â£44.88,Rework
789,In stock,Â£11.10,Reservations for Two
790,In stock,Â£28.54,Red: The True Story of Red Riding Hood
791,In stock,Â£19.07,Ready Player One
792,In stock,Â£43.55,Quiet: The Power of Introverts in a World That Can't Stop Talking
793,In stock,Â£43.63,Prodigy: The Graphic Novel (Legend: The Graphic Novel #2)
794,In stock,Â£39.13,Persepolis: The Story of a Childhood (Persepolis #1-2)
795,In stock,Â£56.68,Packing for Mars: The Curious Science of Life in the Void
796,In stock,Â£14.16,Outliers: The Story of Success
797,In stock,Â£31.45,Original Fake
798,In stock,Â£24.61,Orange Is the New Black
799,In stock,Â£32.87,One for the Money (Stephanie Plum #1)
800,In stock,Â£40.17,Notes from a Small Island (Notes From a Small Island #1)
801,In stock,Â£13.51,Night (The Night Trilogy #1)
802,In stock,Â£38.95,Neither Here nor There: Travels in Europe
803,In stock,Â£31.69,Naked
804,In stock,Â£29.40,Morning Star (Red Rising #3)
805,In stock,Â£57.83,"Miracles from Heaven: A Little Girl, Her Journey to Heaven, and Her Amazing Story of Healing"
806,In stock,Â£55.46,Midnight Riot (Peter Grant/ Rivers of London - books #1)
807,In stock,Â£57.60,Me Talk Pretty One Day
808,In stock,Â£34.98,Manuscript Found in Accra
809,In stock,Â£11.87,Lust & Wonder
810,In stock,Â£12.47,Lila (Gilead #3)
811,In stock,Â£33.26,"Life, the Universe and Everything (Hitchhiker's Guide to the Galaxy #3)"
812,In stock,Â£59.04,Life Without a Recipe
813,In stock,Â£26.13,Life After Life
814,In stock,Â£22.20,Letter to a Christian Nation
815,In stock,Â£45.11,Let's Pretend This Never Happened: A Mostly True Memoir
816,In stock,Â£43.69,Legend (Legend #1)
817,In stock,Â£25.02,"Lean In: Women, Work, and the Will to Lead"
818,In stock,Â£55.50,"Lamb: The Gospel According to Biff, Christ's Childhood Pal"
819,In stock,Â£53.04,Lady Renegades (Rebel Belle #3)
820,In stock,Â£44.97,Jurassic Park (Jurassic Park #1)
821,In stock,Â£42.38,It's Never Too Late to Begin Again: Discovering Creativity and Meaning at Midlife and Beyond
822,In stock,Â£20.11,Is Everyone Hanging Out Without Me? (And Other Concerns)
823,In stock,Â£56.70,Into the Wild
824,In stock,Â£41.00,Inferno (Robert Langdon #4)
825,In stock,Â£28.85,"In the Garden of Beasts: Love, Terror, and an American Family in Hitler's Berlin"
826,In stock,Â£49.97,If I Run (If I Run #1)
827,In stock,Â£19.69,I've Got Your Number
828,In stock,Â£28.88,I Am Malala: The Girl Who Stood Up for Education and Was Shot by the Taliban
829,In stock,Â£33.14,Hungry Girl Clean & Hungry: Easy All-Natural Recipes for Healthy Eating in the Real World
830,In stock,Â£43.70,"House of Lost Worlds: Dinosaurs, Dynasties, and the Story of Life on Earth"
831,In stock,Â£54.89,House of Leaves
832,In stock,Â£37.52,Horrible Bear!
833,In stock,Â£51.07,Holidays on Ice
834,In stock,Â£44.07,Heir to the Sky
835,In stock,Â£10.79,Green Eggs and Ham (Beginner Books B-16)
836,In stock,Â£42.72,"Grayson, Vol 3: Nemesis (Grayson #3)"
837,In stock,Â£26.66,Gratitude
838,In stock,Â£37.60,Gone Girl
839,In stock,Â£42.21,Golden (Heart of Dread #3)
840,In stock,Â£46.83,Girl in the Blue Coat
841,In stock,Â£45.17,"Fruits Basket, Vol. 3 (Fruits Basket #3)"
842,In stock,Â£51.22,"Friday Night Lights: A Town, a Team, and a Dream"
843,In stock,Â£21.28,Fire Bound (Sea Haven/Sisters of the Heart #5)
844,In stock,Â£15.36,Fifty Shades Freed (Fifty Shades #3)
845,In stock,Â£38.62,Fellside
846,In stock,Â£25.40,Extreme Prey (Lucas Davenport #26)
847,In stock,Â£43.87,Eragon (The Inheritance Cycle #1)
848,In stock,Â£18.74,Eclipse (Twilight #3)
849,In stock,Â£54.86,Dune (Dune #1)
850,In stock,Â£52.62,Dracula
851,In stock,Â£51.48,Do Androids Dream of Electric Sheep? (Blade Runner #1)
852,In stock,Â£15.28,Disrupted: My Misadventure in the Start-Up Bubble
853,In stock,Â£39.24,Dead Wake: The Last Crossing of the Lusitania
854,In stock,Â£17.81,"David and Goliath: Underdogs, Misfits, and the Art of Battling Giants"
855,In stock,Â£56.02,Darkfever (Fever #1)
856,In stock,Â£23.90,Dark Places
857,In stock,Â£49.13,Crazy Rich Asians (Crazy Rich Asians #1)
858,In stock,Â£10.62,Counting Thyme
859,In stock,Â£36.17,Cosmos
860,In stock,Â£59.95,Civilization and Its Discontents
861,In stock,Â£26.09,Cinder (The Lunar Chronicles #1)
862,In stock,Â£37.35,Catastrophic Happiness: Finding Joy in Childhood's Messy Years
863,In stock,Â£24.72,Career of Evil (Cormoran Strike #3)
864,In stock,Â£35.28,Breaking Dawn (Twilight #4)
865,In stock,Â£51.32,Brave Enough
866,In stock,Â£21.12,Boy Meets Boy
867,In stock,Â£27.35,"Born to Run: A Hidden Tribe, Superathletes, and the Greatest Race the World Has Never Seen"
868,In stock,Â£21.74,Blink: The Power of Thinking Without Thinking
869,In stock,Â£40.87,Black Flags: The Rise of ISIS
870,In stock,Â£49.31,"Black Butler, Vol. 1 (Black Butler #1)"
871,In stock,Â£22.11,Big Little Lies
872,In stock,Â£20.79,Between Shades of Gray
873,In stock,Â£27.41,Best of My Love (Fool's Gold #20)
874,In stock,Â£38.35,Beowulf
875,In stock,Â£21.55,Beautiful Creatures (Caster Chronicles #1)
876,In stock,Â£38.02,Awkward
877,In stock,Â£22.06,Ash
878,In stock,Â£10.66,Are We There Yet?
879,In stock,Â£56.58,Are We Smart Enough to Know How Smart Animals Are?
880,In stock,Â£36.83,Annie on My Mind
881,In stock,Â£35.01,And Then There Were None
882,In stock,Â£30.48,A Walk in the Woods: Rediscovering America on the Appalachian Trail
883,In stock,Â£14.08,A Visit from the Goon Squad
884,In stock,Â£31.22,A Storm of Swords (A Song of Ice and Fire #3)
885,In stock,Â£54.29,A Heartbreaking Work of Staggering Genius
886,In stock,Â£31.04,8 Keys to Mental Health Through Exercise
887,In stock,Â£50.96,#GIRLBOSS
888,In stock,Â£11.89,"The Suffragettes (Little Black Classics, #96)"
889,In stock,Â£31.38,The Sense of an Ending
890,In stock,Â£54.81,"The Sandman, Vol. 2: The Doll's House (The Sandman (volumes) #2)"
891,In stock,Â£16.78,The Course of Love
892,In stock,Â£24.42,Sugar Rush (Offensive Line #2)
893,In stock,Â£11.75,"Saga, Volume 2 (Saga (Collected Editions) #2)"
894,In stock,Â£20.02,"Run, Spot, Run: The Ethics of Keeping Pets"
895,In stock,Â£12.86,New Moon (Twilight #2)
896,In stock,Â£31.58,Life
897,In stock,Â£34.00,Kindle Paperwhite User's Guide
898,In stock,Â£57.42,H is for Hawk
899,In stock,Â£53.47,Girl Online On Tour (Girl Online #2)
900,In stock,Â£11.64,"Fruits Basket, Vol. 2 (Fruits Basket #2)"
901,In stock,Â£52.88,Diary of a Minecraft Zombie Book 1: A Scare of a Dare (An Unofficial Minecraft Book)
902,In stock,Â£18.51,"Y: The Last Man, Vol. 1: Unmanned (Y: The Last Man #1)"
903,In stock,Â£41.32,While You Were Mine
904,In stock,Â£39.77,Where Lightning Strikes (Bleeding Stars #3)
905,In stock,Â£51.96,When I'm Gone
906,In stock,Â£39.51,Ways of Seeing
907,In stock,Â£15.40,"Vampire Knight, Vol. 1 (Vampire Knight #1)"
908,In stock,Â£53.82,Vampire Girl (Vampire Girl #1)
909,In stock,Â£30.95,Twenty Love Poems and a Song of Despair
910,In stock,Â£57.82,Travels with Charley: In Search of America
911,In stock,Â£44.18,Three Wishes (River of Time: California #1)
912,In stock,Â£48.71,This One Moment (Pushing Limits #1)
913,In stock,Â£19.69,The Zombie Room
914,In stock,Â£36.52,"The Wicked + The Divine, Vol. 1: The Faust Act (The Wicked + The Divine)"
915,In stock,Â£41.56,The Tumor
916,In stock,Â£43.19,The Story of Hong Gildong
917,In stock,Â£12.34,The Silent Wife
918,In stock,Â£36.25,The Silent Twin (Detective Jennifer Knight #3)
919,In stock,Â£29.45,The Selfish Gene
920,In stock,Â£34.56,The Secret Healer
921,In stock,Â£54.12,"The Sandman, Vol. 1: Preludes and Nocturnes (The Sandman (volumes) #1)"
922,In stock,Â£33.78,The Republic
923,In stock,Â£29.64,The Odyssey
924,In stock,Â£57.70,The No. 1 Ladies' Detective Agency (No. 1 Ladies' Detective Agency #1)
925,In stock,Â£36.34,The Nicomachean Ethics
926,In stock,Â£50.59,The Name of the Wind (The Kingkiller Chronicle #1)
927,In stock,Â£29.38,The Mirror & the Maze (The Wrath and the Dawn #1.5)
928,In stock,Â£45.42,The Little Prince
929,In stock,Â£54.43,The Light of the Fireflies
930,In stock,Â£36.26,The Last Girl (The Dominion Trilogy #1)
931,In stock,Â£16.16,The Iliad
932,In stock,Â£36.29,The Hook Up (Game On #1)
933,In stock,Â£27.89,The Haters
934,In stock,Â£12.29,The Girl You Lost
935,In stock,Â£15.85,The Girl In The Ice (DCI Erika Foster #1)
936,In stock,Â£14.40,The End of the Jesus Era (An Investigation #1)
937,In stock,Â£19.18,The Edge of Reason (Bridget Jones #2)
938,In stock,Â£10.64,The Complete Maus (Maus #1-2)
939,In stock,Â£14.76,The Communist Manifesto
940,In stock,Â£57.49,The Bhagavad Gita
941,In stock,Â£30.66,The Bette Davis Club
942,In stock,Â£40.83,The Art of Not Breathing
943,In stock,Â£18.88,Taking Shots (Assassins #1)
944,In stock,Â£25.83,Starlark
945,In stock,Â£42.12,"Skip Beat!, Vol. 01 (Skip Beat! #1)"
946,In stock,Â£13.33,Sister Sable (The Mad Queen #1)
947,In stock,Â£42.40,Shatter Me (Shatter Me #1)
948,In stock,Â£58.35,Shameless
949,In stock,Â£21.72,Shadow Rites (Jane Yellowrock #10)
950,In stock,Â£44.91,Settling the Score (The Summer Games #1)
951,In stock,Â£37.46,Sense and Sensibility
952,In stock,Â£28.48,"Saga, Volume 1 (Saga (Collected Editions) #1)"
953,In stock,Â£28.34,"Rhythm, Chord & Malykhin"
954,In stock,Â£46.96,"Rat Queens, Vol. 1: Sass & Sorcery (Rat Queens (Collected Editions) #1-5)"
955,In stock,Â£24.96,Paradise Lost (Paradise #1)
956,In stock,Â£21.71,"Paper Girls, Vol. 1 (Paper Girls #1-5)"
957,In stock,Â£29.87,"Ouran High School Host Club, Vol. 1 (Ouran High School Host Club #1)"
958,In stock,Â£28.99,Origins (Alphas 0.5)
959,In stock,Â£52.94,One Second (Seven #7)
960,In stock,Â£32.36,On the Road (Duluoz Legend)
961,In stock,Â£55.66,Old Records Never Die: One Man's Quest for His Vinyl and His Past
962,In stock,Â£39.45,Off Sides (Off #1)
963,In stock,Â£47.11,Of Mice and Men
964,In stock,Â£58.75,Myriad (Prentor #1)
965,In stock,Â£38.92,My Perfect Mistake (Over the Top #1)
966,In stock,Â£39.39,"Ms. Marvel, Vol. 1: No Normal (Ms. Marvel (2014-2015) #1)"
967,In stock,Â£25.89,Meditations
968,In stock,Â£28.34,Matilda
969,In stock,Â£27.70,Lost Among the Living
970,In stock,Â£24.89,Lord of the Flies
971,In stock,Â£58.99,Listen to Me (Fusion #1)
972,In stock,Â£57.20,Kitchens of the Great Midwest
973,In stock,Â£38.43,Jane Eyre
974,In stock,Â£34.74,Imperfect Harmony
975,In stock,Â£40.44,Icing (Aces Hockey #2)
976,In stock,Â£45.24,"Hawkeye, Vol. 1: My Life as a Weapon (Hawkeye #1)"
977,In stock,Â£34.96,Having the Barbarian's Baby (Ice Planet Barbarians #7.5)
978,In stock,Â£56.76,"Giant Days, Vol. 1 (Giant Days #1-4)"
979,In stock,Â£40.28,"Fruits Basket, Vol. 1 (Fruits Basket #1)"
